Criterion,Mean,Std,CI_95_Lower,CI_95_Upper,CV_%
Environmental (E),0.5637931574139297,0.016798148376603986,0.5292517117291665,0.5953682119749976,2.979487806069807
Social (S),0.2625210032007293,0.01397385350490093,0.23580288119014273,0.29057583403604287,5.322946863118688
Governance (G),0.11801980125683599,0.007184471426023638,0.10472555686873618,0.13262429101605477,6.08751357781794
Economic (Ec),0.0556660381285051,0.003548956480893746,0.04931139469218357,0.06316940665588458,6.375442909554613
