Sigma,P(CR<0.10)_%,Mean_CR,Std_CR,Environmental (E)_Mean,Environmental (E)_Std,Environmental (E)_CV%,Social (S)_Mean,Social (S)_Std,Social (S)_CV%,Governance (G)_Mean,Governance (G)_Std,Governance (G)_CV%,Economic (Ec)_Mean,Economic (Ec)_Std,Economic (Ec)_CV%
0.05,100.0,0.04392306147212722,0.01123204842536364,0.5646995501743686,0.00830872445582101,1.4713531210101782,0.26225134969196945,0.0068619982502590516,2.6165730923096855,0.11767874838827201,0.003564527361092893,3.029032352835712,0.055370351745390005,0.001774071314312886,3.20400947147783
0.1,98.78,0.0464625019514752,0.02288985990321155,0.5637931574139297,0.016798148376603986,2.979487806069807,0.2625210032007293,0.01397385350490093,5.322946863118688,0.11801980125683599,0.007184471426023638,6.08751357781794,0.0556660381285051,0.003548956480893746,6.375442909554613
0.15,92.2,0.050260594571894114,0.03440563227213502,0.5620964956212879,0.025557746195828877,4.5468609740361,0.26306900134316547,0.021196912093158125,8.057548394121664,0.11863674517876252,0.011124066037997092,9.376577232656953,0.056197757856784096,0.005521819970059719,9.825694441638893
0.2,83.1,0.056118005089038255,0.04629785928045484,0.5597330804013929,0.034338129332268076,6.134732881544842,0.263589249075839,0.02847181274784678,10.801583466575666,0.11967482600751946,0.015193554638391145,12.695698122374122,0.05700284451524858,0.007726553389388573,13.554680393750662
