Feature,Chow_F,p_value,Quebra_Estrutural,Mean_Pre_TCFD,Mean_Post_TCFD,Delta_%
Report_Quality_Score,2.2179360078424617,0.13490297847424915,Não (p≥0.05),313613.0588235294,376933.14285714284,20.19051256065321
ESG_Disclosure_Index,53.94319059875262,8.750985713845694e-09,Sim (p<0.05),18.058823529411764,170.57142857142858,844.5323406235459
close_price,3.76757468790691,0.040871971637426285,Sim (p<0.05),19.90391219363493,37.68647929600307,89.34206968645503
Market_Liquidity,2.2451022757761647,0.13193980300240793,Não (p≥0.05),2986619.991004925,1791675.1109922938,-40.00994045481365
Annual_Return_Pct,0.25640954228647145,0.7764599121847762,Não (p≥0.05),63.708579180648506,12.843307973652363,-79.84053617451647
