Strategy,ESG_Disclosure_Index,Report_Quality_Score,Annual_Return_Pct,Market_Liquidity,Predicted_Score,Delta_%,Feasibility
Increase ESG Disclosure (+20%),3.415465165232551,1.3070251041023788,-0.319489667024666,-1.0208139877553233,399100.4,0.0,Alta
Increase Report Quality (+15%),2.846220971027126,1.5030788697177355,-0.319489667024666,-1.0208139877553233,399100.4,0.0,Alta
Combined: ESG+Quality (+10% each),3.1308430681298387,1.4377276145126168,-0.319489667024666,-1.0208139877553233,399100.4,0.0,Média
