Feature,Importance_Mean,Importance_Std
Market_Liquidity,0.8750283771326415,0.2080693784808097
ESG_Disclosure_Index,0.08790894561743198,0.043795168885959655
Annual_Return_Pct,0.0079946089967142,0.017693743270997136
Report_Quality_Score,0.001713308681471378,0.001155589561193691
